{"means": {"11": 10.60916513336836, "12": 9.734111811383462, "13": 9.255388744679816, "14": 8.77400119001776, "15": 7.103792575050325, "16": 6.689215119840125, "17": 6.586949788990752, "18": 6.6675014014562635, "19": 6.795416687991369, "20": 6.958917191443452, "21": 7.164438531821042, "22": 7.1973110890263055, "23": 7.336456739474294, "24": 7.4415847520559035, "25": 7.635398576128945, "26": 7.765521903171017, "27": 7.694903706607251, "28": 7.900754833676007, "29": 8.085708552893507, "30": 8.226096366970038, "31": 8.301399685809374, "32": 8.472034000397192, "33": 8.449239892862014, "34": 8.733871738020289, "35": 8.877653128213826, "36": 9.061392227085173, "37": 9.072771316896272, "38": 9.179171829274399, "39": 9.327088449881208, "40": 9.4314453290676, "41": 9.391233815511429, "42": 9.844945394593443, "43": 10.276825738702376, "44": 9.990708947289587, "45": 10.311508767996003, "46": 10.65593033018843, "47": 10.781811963833375, "48": 10.807313477826717, "49": 10.774004442388636, "50": 11.281455747470224, "51": 11.42231351540864, "52": 11.479256429730006, "53": 11.520748354969994, "54": 11.655375456016532, "55": 11.535117558586892, "56": 11.887342789619913, "57": 11.870157345143843, "58": 12.176877741728278, "59": 12.177378930566904, "60": 12.311588649355153, "61": 12.279815090339529, "62": 12.214315526348926, "63": 12.158039150317022, "64": 11.863520412125938, "65": 12.361289016079159, "66": 12.646806922218026, "67": 12.790064882582591, "68": 13.19673338793777, "69": 13.886096153007536, "70": 13.0204535675255}, "stds": {"11": 4.643735867547439, "12": 4.138757725720298, "13": 3.8486995994306423, "14": 3.6925493690018145, "15": 3.8194746711310708, "16": 3.536147033061424, "17": 3.4443123147627794, "18": 3.209305200529638, "19": 3.120841796103628, "20": 3.2458154924282634, "21": 3.3122814608976943, "22": 3.420512783974178, "23": 3.4311191769760265, "24": 3.485373731044666, "25": 3.5255731440817017, "26": 3.5099052925379755, "27": 3.603366043971098, "28": 3.6107139366363246, "29": 3.623465389725091, "30": 3.6299869359147, "31": 3.6996132969476783, "32": 3.69136800590602, "33": 3.8365636418487434, "34": 3.7624932234378408, "35": 3.7578194305207835, "36": 3.7671669298897186, "37": 3.869506578685775, "38": 3.9274785340981744, "39": 3.8449680125074464, "40": 3.9895515762229947, "41": 4.090512733935666, "42": 3.899670664724957, "43": 3.5873662101480233, "44": 4.017709932566531, "45": 3.9385768725298007, "46": 3.7267459050846945, "47": 3.7623295081103985, "48": 3.793662478875557, "49": 3.822586046366162, "50": 3.43395050222541, "51": 3.4383087427218157, "52": 3.4166744079322804, "53": 3.484028198676065, "54": 3.3638261193437717, "55": 3.5611505147298086, "56": 3.1973306318209187, "57": 3.3327289303230234, "58": 3.029310074675589, "59": 2.9975243326323793, "60": 2.9763465292773446, "61": 3.067215914106225, "62": 3.16433126585206, "63": 3.4766666405328923, "64": 3.9676953938127157, "65": 3.4124024274426334, "66": 2.911017056955798, "67": 2.8268245549073914, "68": 2.6738022979351177, "69": 2.920554663373709, "70": 2.793001536467703}}